Family,Species,Taxa,Status,Frugivore,Source,Note,Body mass,mass source,number of islands
Mimidae,Allenia fusca,bird,1,1,Complete Checklist of the Birds of the West Indies,,67.225,birds of the world,18
Psittacidae,Amazona agilis,bird,1,1,Complete Checklist of the Birds of the West Indies,,213,birds of the world,1
Psittacidae,Amazona arausiaca,bird,1,1,Complete Checklist of the Birds of the West Indies,,620,https://www.parrots.org/encyclopedia/red-necked-amazon/,1
Psittacidae,Amazona collaria,bird,1,1,Complete Checklist of the Birds of the West Indies,,187,birds of the world,1
Psittacidae,Amazona guildingii,bird,1,1,Complete Checklist of the Birds of the West Indies,,646,birds of the world,1
Psittacidae,Amazona imperialis,bird,1,1,Complete Checklist of the Birds of the West Indies,,900,https://www.parrots.org/encyclopedia/imperial-amazon,1
Psittacidae,Amazona leucocephala,bird,1,1,Complete Checklist of the Birds of the West Indies,,261,birds of the world,3
Psittacidae,Amazona ventralis,bird,1,1,Complete Checklist of the Birds of the West Indies,,214,birds of the world,3
Psittacidae,Amazona versicolor,bird,1,1,Complete Checklist of the Birds of the West Indies,,676,birds of the world,3
Psittacidae,Amazona vittata,bird,1,1,Complete Checklist of the Birds of the West Indies,,281,birds of the world,5
Bombycillidae,Bombycilla cedrorum,bird,1,1,Complete Checklist of the Birds of the West Indies,,31.6,birds of the world,61
Calyptophilidae,Calyptophilus frugivorus,bird,1,1,Complete Checklist of the Birds of the West Indies,,32.1,birds of the world,2
Calyptophilidae,Calyptophilus tertius,bird,1,1,Complete Checklist of the Birds of the West Indies,,40.2,birds of the world,1
Parulidae,Cardellina pusilla,bird,1,1,Complete Checklist of the Birds of the West Indies,,7.5,https://www.allaboutbirds.org/guide/Wilsons_Warbler/lifehistory,0
Turdidae,Catharus bicknelli,bird,1,1,Complete Checklist of the Birds of the West Indies,,27.8,birds of the world,7
Turdidae,Catharus fuscescens,bird,1,1,Complete Checklist of the Birds of the West Indies,,31.9,birds of the world,15
Turdidae,Catharus guttatus,bird,1,1,Complete Checklist of the Birds of the West Indies,,30.1,birds of the world,10
Turdidae,Catharus ustulatus,bird,1,1,Complete Checklist of the Birds of the West Indies,,30.3,birds of the world,1
Mimidae,Cinclocerthia gutturalis,bird,1,1,Complete Checklist of the Birds of the West Indies,,69.2,birds of the world,2
Mimidae,Cinclocerthia ruficauda,bird,1,1,Complete Checklist of the Birds of the West Indies,,55,birds of the world,9
Cuculidae,Coccyzus americanus,bird,1,1,Complete Checklist of the Birds of the West Indies,,64,birds of the world,66
Cuculidae,Coccyzus erythropthalmus,bird,1,1,Complete Checklist of the Birds of the West Indies,,50.9,birds of the world,14
Cuculidae,Coccyzus longirostris,bird,1,1,Complete Checklist of the Birds of the West Indies,,100,birds of the world,4
Cuculidae,Coccyzus merlini,bird,1,1,Complete Checklist of the Birds of the West Indies,,171.5,birds of the world,6
Cuculidae,Coccyzus minor,bird,1,1,Complete Checklist of the Birds of the West Indies,,63.9,birds of the world,86
Cuculidae,Coccyzus pluvialis,bird,1,1,Complete Checklist of the Birds of the West Indies,,163,birds of the world,1
Cuculidae,Coccyzus rufigularis,bird,1,1,Complete Checklist of the Birds of the West Indies,,128,birds of the world,3
Cuculidae,Coccyzus vetula,bird,1,1,Complete Checklist of the Birds of the West Indies,,96,birds of the world,1
Cuculidae,Coccyzus vieilloti,bird,1,1,Complete Checklist of the Birds of the West Indies,,81.9,birds of the world,1
Columbidae,Columbina passerina,bird,1,1,Complete Checklist of the Birds of the West Indies,,33,https://www.allaboutbirds.org/guide/Common_Ground-Dove/lifehistory/,33
Corvidae,Corvus jamaicensis,bird,1,1,Complete Checklist of the Birds of the West Indies,,338,birds of the world,1
Corvidae,Corvus leucognaphalus,bird,1,1,Complete Checklist of the Birds of the West Indies,,246.5,estimated from american crow,8
Corvidae,Corvus nasicus,bird,1,1,Complete Checklist of the Birds of the West Indies,,401,birds of the world,9
Corvidae,Corvus ossifragus,bird,1,1,Complete Checklist of the Birds of the West Indies,,285,birds of the world,0
Corvidae,Corvus palmarum,bird,1,1,Complete Checklist of the Birds of the West Indies,,289,birds of the world,3
Corvidae,Corvus splendens,bird,1,1,Complete Checklist of the Birds of the West Indies,,293.5,birds of the world,0
Cuculidae,Crotophaga ani,bird,1,1,Complete Checklist of the Birds of the West Indies,,136,birds of the world,75
Cuculidae,Crotophaga major,bird,1,1,Complete Checklist of the Birds of the West Indies,,148.5,birds of the world,0
Cuculidae,Cuculus canorus,bird,1,1,Complete Checklist of the Birds of the West Indies,,14,birds of the world,0
Thraupidae,Cyanerpes cyaneus,bird,1,1,Complete Checklist of the Birds of the West Indies,,14,birds of the world,5
Dulidae,Dulus dominicus,bird,1,1,Complete Checklist of the Birds of the West Indies,,48.4,birds of the world,3
Mimidae,Dumetella carolinensis,bird,1,1,Complete Checklist of the Birds of the West Indies,,35.3,birds of the world,66
Tyrannidae,Elaenia fallax,bird,1,1,Complete Checklist of the Birds of the West Indies,,14.4,birds of the world,1
Tyrannidae,Elaenia flavogaster,bird,1,1,Complete Checklist of the Birds of the West Indies,,24.8,birds of the world,4
Tyrannidae,Elaenia martinica,bird,1,1,Complete Checklist of the Birds of the West Indies,,20.85,birds of the world,35
Alaudidae,Eremophila alpestris,bird,1,1,Complete Checklist of the Birds of the West Indies,,31.2,birds of the world,0
Thraupidae,Euneornis campestris,bird,1,1,Complete Checklist of the Birds of the West Indies,,16,birds of the world,1
Fringilidae,Euphonia Jamaica,bird,1,1,Complete Checklist of the Birds of the West Indies,,16.6,birds of the world,0
Fringilidae,Euphonia musica,bird,1,1,Complete Checklist of the Birds of the West Indies,,15.7,birds of the world,14
Psittacidae,Eupsittula nana,bird,1,1,Complete Checklist of the Birds of the West Indies,,80,birds of the world,1
Parulidae,Geothlypis rostrata,bird,1,1,Complete Checklist of the Birds of the West Indies,,16.1,birds of the world,11
Columbidae,Geotrygon caniceps,bird,1,1,Complete Checklist of the Birds of the West Indies,,192,birds of the world,5
Columbidae,Geotrygon chrysia,bird,1,1,Complete Checklist of the Birds of the West Indies,,169,birds of the world,30
Columbidae,Geotrygon leucometopia,bird,1,1,Complete Checklist of the Birds of the West Indies,,154,birds of the world,1
Columbidae,Geotrygon montana,bird,1,1,Complete Checklist of the Birds of the West Indies,,149,birds of the world,18
Columbidae,Geotrygon mystacea,bird,1,1,Complete Checklist of the Birds of the West Indies,,211,birds of the world,15
Columbidae,Geotrygon versicolor,bird,1,1,Complete Checklist of the Birds of the West Indies,,225,birds of the world,1
Fringilidae,Haemorhous mexicanus,bird,1,1,Complete Checklist of the Birds of the West Indies,,21,birds of the world,0
Turdidae,Hylocichla mustelina,bird,1,1,Complete Checklist of the Birds of the West Indies,,50.15,birds of the world,10
Icteriidae,Icteria virens,bird,1,1,Complete Checklist of the Birds of the West Indies,,24.9,birds of the world,0
Icteriidae,Icterus bonana,bird,1,1,Complete Checklist of the Birds of the West Indies,,29,birds of the world,1
Icteriidae,Icterus bullockii,bird,1,1,Complete Checklist of the Birds of the West Indies,,37.9,birds of the world,0
Icteriidae,Icterus cucullatus,bird,1,1,Complete Checklist of the Birds of the West Indies,,24.3,birds of the world,0
Icteriidae,Icterus dominicensis,bird,1,1,Complete Checklist of the Birds of the West Indies,,35.75,birds of the world,5
Icteriidae,Icterus galbula,bird,1,1,Complete Checklist of the Birds of the West Indies,,32.85,birds of the world,72
Icteriidae,Icterus laudabilis,bird,1,1,Complete Checklist of the Birds of the West Indies,,36.9,birds of the world,1
Icteriidae,Icterus leucopteryx,bird,1,1,Complete Checklist of the Birds of the West Indies,,36.9,birds of the world,2
Icteriidae,Icterus melanopsis,bird,1,1,Complete Checklist of the Birds of the West Indies,,37.05,birds of the world,6
Icteriidae,Icterus nigrogularis,bird,1,1,Complete Checklist of the Birds of the West Indies,,40.2,birds of the world,0
Icteriidae,Icterus northropi,bird,1,1,Complete Checklist of the Birds of the West Indies,,38.6,https://animaldiversity.org/accounts/Icterus_northropi/,5
Icteriidae,Icterus oberi,bird,1,1,Complete Checklist of the Birds of the West Indies,,35.83,birds of the world,1
Icteriidae,Icterus portoricensis,bird,1,1,Complete Checklist of the Birds of the West Indies,,38.8,birds of the world,1
Icteriidae,Icterus spurius,bird,1,1,Complete Checklist of the Birds of the West Indies,,19,birds of the world,0
Parulidae,Leiothlypis celata,bird,1,1,Complete Checklist of the Birds of the West Indies,,9,http://datazone.birdlife.org/species/factsheet/orange-crowned-warbler-leiothlypis-celata/details,18
Parulidae,Leiothlypis ruficapilla,bird,1,1,Complete Checklist of the Birds of the West Indies,,10,birds of the world,23
Columbidae,Leptotila jamaicensis,bird,1,1,Complete Checklist of the Birds of the West Indies,,165,birds of the world,4
Columbidae,Leptotila wellsi,bird,1,1,Complete Checklist of the Birds of the West Indies,,200,birds of the world,1
Thraupidae,Loxigilla noctis,bird,1,1,Complete Checklist of the Birds of the West Indies,,16.66,birds of the world,21
Thraupidae,Loxipasser anoxanthus,bird,1,1,Complete Checklist of the Birds of the West Indies,,11.4,birds of the world,1
Mimidae,Margarops fuscatus,bird,1,1,Complete Checklist of the Birds of the West Indies,,98.63,birds of the world,46
Thraupidae,Melanospiza richardsoni,bird,1,1,Complete Checklist of the Birds of the West Indies,,20.9,birds of the world,1
Thraupidae,Melopyrrha nigra,bird,1,1,Complete Checklist of the Birds of the West Indies,,14,birds of the world,0
Thraupidae,Melopyrrha portoricensis,bird,1,1,Complete Checklist of the Birds of the West Indies,,32,birds of the world,0
Thraupidae,Melopyrrha violacea,bird,1,1,Complete Checklist of the Birds of the West Indies,,20.4,birds of the world,0
Phaenicophilidae,Microligea palustris,bird,1,1,Complete Checklist of the Birds of the West Indies,,13.2,birds of the world,3
Mimidae,Mimus gilvus,bird,1,1,Complete Checklist of the Birds of the West Indies,,46.3,birds of the world,9
Mimidae,Mimus gundlachii,bird,1,1,Complete Checklist of the Birds of the West Indies,,66.8,birds of the world,39
Mimidae,Mimus polyglottos,bird,1,1,Complete Checklist of the Birds of the West Indies,,48.5,birds of the world,74
Turdidae,Myadestes elisabeth,bird,1,1,Complete Checklist of the Birds of the West Indies,,30,birds of the world,4
Turdidae,Myadestes genibarbis,bird,1,1,Complete Checklist of the Birds of the West Indies,,29.2,birds of the world,6
Nesospingidae,Nesospingus speculiferus,bird,1,1,Complete Checklist of the Birds of the West Indies,,35.2,birds of the world,1
Muscicapidae,Oenanthe oenanthe,bird,1,1,Complete Checklist of the Birds of the West Indies,,23,birds of the world,0
Parulidae,Oporornis agilis,bird,1,1,Complete Checklist of the Birds of the West Indies,,13.3,birds of the world,0
Cardinalidae,Passerina caerulea,bird,1,1,Complete Checklist of the Birds of the West Indies,,27.4,birds of the world,66
Columbidae,Patagioenas caribaea,bird,1,1,Complete Checklist of the Birds of the West Indies,,250,birds of the world,1
Columbidae,Patagioenas inornata,bird,1,1,Complete Checklist of the Birds of the West Indies,,365,birds of the world,26
Columbidae,Patagioenas leucocephala,bird,1,1,Complete Checklist of the Birds of the West Indies,,238,birds of the world,82
Columbidae,Patagioenas squarmosa,bird,1,1,Complete Checklist of the Birds of the West Indies,https://www.birdscaribbean.org/caribbean-birds/,312,birds of the world,32
Phaenicophilidae,Phaenicophilus palmarum,bird,1,1,Complete Checklist of the Birds of the West Indies,,30.5,birds of the world,2
Phaenicophilidae,Phaenicophilus poliocephalus,bird,1,1,Complete Checklist of the Birds of the West Indies,,31,birds of the world,4
Cardinalidae,Pheucticus ludovicianus,bird,1,1,Complete Checklist of the Birds of the West Indies,,42,birds of the world,81
Thraupidae,Phonipara canora,bird,1,1,Complete Checklist of the Birds of the West Indies,,8,birds of the world,3
Passerellidae,Pipilo chlorurus,bird,1,1,Complete Checklist of the Birds of the West Indies,,29.4,birds of the world,0
Cardinalidae,Piranga ludoviciana,bird,1,1,Complete Checklist of the Birds of the West Indies,,28.1,birds of the world,0
Cardinalidae,Piranga olivacea,bird,1,1,Complete Checklist of the Birds of the West Indies,,28.2,birds of the world,63
Cardinalidae,Piranga rubra,bird,1,1,Complete Checklist of the Birds of the West Indies,,29.15,birds of the world,61
Trogonidae,Priotelus roseigaster,bird,1,1,Complete Checklist of the Birds of the West Indies,,74.2,birds of the world,0
Trogonidae,Priotelus temnurus,bird,1,1,Complete Checklist of the Birds of the West Indies,,53.4,birds of the world,6
Parulidae,Protonotaria citrea,bird,1,1,Complete Checklist of the Birds of the West Indies,,14.3,birds of the world,76
Psittacidae,Psittacara chloroptterus,bird,1,1,Complete Checklist of the Birds of the West Indies,,146,birds of the world,1
Psittacidae,Psittacara euops,bird,1,1,Complete Checklist of the Birds of the West Indies,,90,birds of the world,17
Icteridae,Quiscalus lugubris,bird,1,1,Complete Checklist of the Birds of the West Indies,,63.65,birds of the world,20
Icteridae,Quiscalus niger,bird,1,1,Complete Checklist of the Birds of the West Indies,,62,birds of the world,36
Mimidae,Ramphocinclus brachyurus,bird,1,1,Complete Checklist of the Birds of the West Indies,,50,birds of the world,2
Thraupidae,Saltator albicollis,bird,1,1,Complete Checklist of the Birds of the West Indies,,36.9,birds of the world,5
Tyrannidae,Sayornis phoebe,bird,1,1,Complete Checklist of the Birds of the West Indies,,19.7,birds of the world,1
Parulidae,Setophaga adelaidae,bird,1,1,Complete Checklist of the Birds of the West Indies,,7,birds of the world,2
Parulidae,Setophaga americana,bird,1,1,Complete Checklist of the Birds of the West Indies,,5.8,birds of the world,86
Parulidae,Setophaga caerulescens,bird,1,1,Complete Checklist of the Birds of the West Indies,,10.4,birds of the world,78
Parulidae,Setophaga coronata,bird,1,1,Complete Checklist of the Birds of the West Indies,,12.5,birds of the world,78
Parulidae,Setophaga discolor,bird,1,1,Complete Checklist of the Birds of the West Indies,,7.7,birds of the world,81
Parulidae,Setophaga kirtlandii,bird,1,1,Complete Checklist of the Birds of the West Indies,,14,birds of the world,42
Parulidae,Setophaga palmarum,bird,1,1,Complete Checklist of the Birds of the West Indies,,11.35,birds of the world,76
Parulidae,Setophaga petechia,bird,1,1,Complete Checklist of the Birds of the West Indies,,16,birds of the world,85
Parulidae,Setophaga pinus,bird,1,1,Complete Checklist of the Birds of the West Indies,,12,birds of the world,10
Parulidae,Setophaga plumbea,bird,1,1,Complete Checklist of the Birds of the West Indies,,14,birds of the world,4
Parulidae,Setophaga ruticilla,bird,1,1,Complete Checklist of the Birds of the West Indies,,8.6,birds of the world,86
Parulidae,Setophaga striata,bird,1,1,Complete Checklist of the Birds of the West Indies,,15.35,birds of the world,83
Parulidae,Setophaga tigrina,bird,1,1,Complete Checklist of the Birds of the West Indies,,13.15,birds of the world,25
Parulidae,Setophaga townsendi,bird,1,1,Complete Checklist of the Birds of the West Indies,,8.8,birds of the world,0
Parulidae,Setophaga vitellina,bird,1,1,Complete Checklist of the Birds of the West Indies,,7,birds of the world,3
Turdidae,Sialia sialis,bird,1,1,Complete Checklist of the Birds of the West Indies,,27.5,birds of the world,0
Spindalidae,Spindalis dominicensis,bird,1,1,Complete Checklist of the Birds of the West Indies,,29.4,birds of the world,2
Spindalidae,Spindalis nigricephala,bird,1,1,Complete Checklist of the Birds of the West Indies,,45.1,birds of the world,1
Spindalidae,Spindalis portoricensis,bird,1,1,Complete Checklist of the Birds of the West Indies,,32.15,birds of the world,1
Spindalidae,Spindalis zena,bird,1,1,Complete Checklist of the Birds of the West Indies,,25.8,birds of the world,59
Passerellidae,Spizella passerina,bird,1,1,Complete Checklist of the Birds of the West Indies,,12.2,birds of the world,0
Columbidae,Starnoenas cyanocephala,bird,1,1,Complete Checklist of the Birds of the West Indies,,219,birds of the world,17
Hirundinidae,Stelgidopteryx serripennis,bird,1,1,Complete Checklist of the Birds of the West Indies,,15.7,birds of the world,66
Thraupidae,Stilpnia cucullata,bird,1,1,Complete Checklist of the Birds of the West Indies,,27.9,birds of the world,4
Icteridae,Sturnella magna,bird,1,1,Complete Checklist of the Birds of the West Indies,,92.68,birds of the world,6
Teretistridae,Teretistris fernandinae,bird,1,1,Complete Checklist of the Birds of the West Indies,,9.9,birds of the world,7
Teretistridae,Teretistris fornsi,bird,1,1,Complete Checklist of the Birds of the West Indies,,9.7,birds of the world,6
Mimidae,Toxostoma rufum,bird,1,1,Complete Checklist of the Birds of the West Indies,,68.8,birds of the world,0
Turdidae,Turdus aurantius,bird,1,1,Complete Checklist of the Birds of the West Indies,,81.9,birds of the world,1
Turdidae,Turdus fumigatus,bird,1,1,Complete Checklist of the Birds of the West Indies,,75.85,birds of the world,2
Turdidae,Turdus jamaicensis,bird,1,1,Complete Checklist of the Birds of the West Indies,,59.1,birds of the world,1
Turdidae,Turdus lherminieri,bird,1,1,Complete Checklist of the Birds of the West Indies,,105,birds of the world,5
Turdidae,Turdus migratorius,bird,1,1,Complete Checklist of the Birds of the West Indies,,78.5,birds of the world,13
Turdidae,Turdus nudigenis,bird,1,1,Complete Checklist of the Birds of the West Indies,,63.9,birds of the world,6
Turdidae,Turdus plumbeus,bird,1,1,Complete Checklist of the Birds of the West Indies,,75.35,birds of the world,9
Turdidae,Turdus swalesi,bird,1,1,Complete Checklist of the Birds of the West Indies,,75,birds of the world,1
Tyrannidae,Tyrannus caudifasciatus,bird,1,1,Complete Checklist of the Birds of the West Indies,,42.4,birds of the world,18
Tyrannidae,Tyrannus cubensis,bird,1,1,Complete Checklist of the Birds of the West Indies,,93.6,birds of the world,10
Tyrannidae,Tyrannus dominicensis,bird,1,1,Complete Checklist of the Birds of the West Indies,,46.5,birds of the world,86
Tyrannidae,Tyrannus melacholicus,bird,1,1,Complete Checklist of the Birds of the West Indies,,39,birds of the world,0
Tyrannidae,Tyrannus tyrannus,bird,1,1,Complete Checklist of the Birds of the West Indies,,39.925,birds of the world,20
Tyrannidae,Tyrannus verticalis,bird,1,1,Complete Checklist of the Birds of the West Indies,,39.6,birds of the world,8
Tyrannidae,Tyrannus vociferans,bird,1,1,Complete Checklist of the Birds of the West Indies,,45.6,birds of the world,0
Parulidae,Vermivora bachmanii,bird,1,1,Complete Checklist of the Birds of the West Indies,,12.7,birds of the world,26
Vireonidae,Vireo altiloquus,bird,1,1,Complete Checklist of the Birds of the West Indies,,17.9,birds of the world,83
Vireonidae,Vireo belii,bird,1,1,Complete Checklist of the Birds of the West Indies,,8.6,birds of the world,0
Vireonidae,Vireo caribaeus,bird,1,1,Complete Checklist of the Birds of the West Indies,,9.3,birds of the world,0
Vireonidae,Vireo crassirostris,bird,1,1,Complete Checklist of the Birds of the West Indies,,13.1,birds of the world,46
Vireonidae,Vireo flavifrons,bird,1,1,Complete Checklist of the Birds of the West Indies,,18,birds of the world,59
Vireonidae,Vireo flavoviridis,bird,1,1,Complete Checklist of the Birds of the West Indies,,17.6,birds of the world,0
Vireonidae,Vireo gilvus,bird,1,1,Complete Checklist of the Birds of the West Indies,,12.7,birds of the world,0
Vireonidae,Vireo griseus,bird,1,1,Complete Checklist of the Birds of the West Indies,,11.4,birds of the world,62
Vireonidae,Vireo gundlachii,bird,1,1,Complete Checklist of the Birds of the West Indies,,12.9,birds of the world,7
Vireonidae,Vireo latimeri,bird,1,1,Complete Checklist of the Birds of the West Indies,,12,birds of the world,1
Vireonidae,Vireo magister,bird,1,1,Complete Checklist of the Birds of the West Indies,,15.4,birds of the world,1
Vireonidae,Vireo modestus,bird,1,1,Complete Checklist of the Birds of the West Indies,,9.6,birds of the world,1
Vireonidae,Vireo nanus,bird,1,1,Complete Checklist of the Birds of the West Indies,,10.5,birds of the world,2
Vireonidae,Vireo olivaceus,bird,1,1,Complete Checklist of the Birds of the West Indies,,15.3,birds of the world,60
Vireonidae,Vireo osburni,bird,1,1,Complete Checklist of the Birds of the West Indies,,19.9,birds of the world,1
Vireonidae,Vireo pallens,bird,1,1,Complete Checklist of the Birds of the West Indies,,11,birds of the world,0
Vireonidae,Vireo philadelphicus,bird,1,1,Complete Checklist of the Birds of the West Indies,,11.5,birds of the world,58
Vireonidae,Vireo solitarius,bird,1,1,Complete Checklist of the Birds of the West Indies,,15.3,birds of the world,0
Phaenicophilidae,Xenoligea montana,bird,1,1,Complete Checklist of the Birds of the West Indies,,12,birds of the world,1
Columbidae,Zenaida asiatica,bird,1,1,Complete Checklist of the Birds of the West Indies,,153,birds of the world,78
Columbidae,Zenaida auriculata,bird,1,1,Complete Checklist of the Birds of the West Indies,,89.3,birds of the world,6
Columbidae,Zenaida aurita,bird,1,1,Complete Checklist of the Birds of the West Indies,,156,birds of the world,88
Columbidae,Zenaida macroura,bird,1,1,Complete Checklist of the Birds of the West Indies,,119,birds of the world,70
Phyllostomidae,Ariteus flavescens,mammal,1,1,Morgan 2001,,13,Sherwin n Gannon2005,
Phyllostomidae,Artibeus jamaicensis,mammal,1,1,Morgan 2001,,42.2,Morgan 2001,
Phyllostomidae,Artibeus lituratus,mammal,1,1,"Timm and Genoways, 2003",,60.3,Smith et al. 2003,
Phyllostomidae,Artibeus planirostris,mammal,1,1,"Timm and Genoways, 2003",,47,Smith et al. 2003,
Phyllostomidae,Artibeus schwartzi,mammal,1,1,Larsen et al. 2007,,42.2,similar in size to artibeus jamaicensis,
Solenodontidae,Atopogale cubana,mammal,1,1,Paez and Mancina 2017,,680,Smith et al. 2003,
Phyllostomidae,Brachyphylla cavernarum,mammal,1,1,Morgan 2001,,46.2,Smith et al. 2003,
Phyllostomidae,Brachyphylla nana,mammal,1,1,Morgan 2001,,35.8,Smith et al. 2003,
Echimyidae,Capromys pilorides,mammal,1,1,Turvey et al. 2017,,5650,Smith et al. 2003,
Echimyidae,Capromys pilorides ciprianoi,mammal,1,1,Turvey et al. 2017,,5650,Smith et al. 2003,
Echimyidae,Capromys pilorides doceleguas,mammal,1,1,Turvey et al. 2017,,5650,Smith et al. 2003,
Echimyidae,Capromys pilorides gundlachianus,mammal,1,1,Turvey et al. 2017,,5650,Smith et al. 2003,
Echimyidae,Capromys pilorides pilorides,mammal,1,1,Turvey et al. 2017,,5650,Smith et al. 2003,
Echimyidae,Capromys pilorides relictus,mammal,1,1,Turvey et al. 2017,,5650,Smith et al. 2003,
Phyllostomidae,Chiroderma improvisum,mammal,1,1,"Timm and Genoways, 2003",,35,Timm and Genoways 2003,
Phyllostomidae,Dermanura glauca,mammal,1,1,Larsen et al. 2007,,12,Ortega et al. 2015,
Phyllostomidae,Erophylla bombifrons,mammal,1,1,Morgan 2001,,17,https://animaldiversity.org/accounts/Erophylla_sezekorni/,
Phyllostomidae,Erophylla sezekorni,mammal,1,1,Morgan 2001,,15.8,Smith et al. 2003,
Echimyidae,Geocapromys brownii,mammal,1,1,Turvey et al. 2017,,1500,Smith et al. 2003,
Echimyidae,Geocapromys ingrahami ingrahami,mammal,1,1,Turvey et al. 2017,,800,Smith et al. 2003,
Echimyidae,Mesocapromys angelcabrerai,mammal,1,1,Turvey et al. 2017,,436.7,Paez 2012,
Echimyidae,Mesocapromys auritus,mammal,1,1,Turvey et al. 2017,,726.7,Paez 2012,
Echimyidae,Mesocapromys nanus,mammal,1,1,Turvey et al. 2017,,436.7,Paez 2012,
Echimyidae,Mesocapromys sanfelipensis,mammal,1,1,Turvey et al. 2017,,550,Vinola Lopez,
Phyllostomidae,Monophyllus redmani,mammal,1,1,Morgan 2001,,8.7,Smith et al. 2003,
Echimyidae,Mysateles melanurus,mammal,1,1,Turvey et al. 2017,,1632,Paez 2012,
Echimyidae,Mysateles prehensilis,mammal,1,1,Paez and Mancina 2017,,1172.7,Paez 2012,
Echimyidae,Mysateles prehensilis gundlachi,mammal,1,1,Turvey et al. 2017,,1757.3,Smith et al. 2003,
Echimyidae,Mysateles prehensilis prehensilis,mammal,1,1,Turvey et al. 2017,,1632,Smith et al. 2003,
Phyllostomidae,Phyllonycteris poeyi,mammal,1,1,Morgan 2001,,22,Mancina 2009,
Echimyidae,Plagiodontia aedium,mammal,1,1,Turvey et al. 2017,,1409.5,Paez 2012,
Solenodontidae,Solenodon cubanus,mammal,1,1,Turvey et al. 2017,,900,Smith et al. 2003,
Solenodontidae,Solenodon paradoxus,mammal,1,1,Turvey et al. 2017,,650,Smith et al. 2003,
Phyllostomidae,Stenoderma rufum,mammal,1,1,Morgan 2001,,20.7,Smith et al. 2003,
Phyllostomidae,Sturnira lilium,mammal,1,1,"Timm and Genoways, 2003",,19.1,Smith et al. 2003,
Teiidae,Ameiva ameiva,reptile,1,1,Valido and Olesen 2019,,298.5,Slavenko et al. 2016,5
Dactyloidae,Anolis aeneus,reptile,1,1,Valido and Olesen 2019,,10.6,Slavenko et al. 2016,9
Dactyloidae,Anolis aliniger,reptile,1,1,Powell 2002,,4.5,Slavenko et al. 2016,12
Dactyloidae,Anolis allisoni,reptile,1,1,Valido and Olesen 2019,,20.4,Slavenko et al. 2016,18
Dactyloidae,Anolis altavelensis,reptile,1,1,iNaturalist,,2.2,Slavenko et al. 2016,0
Dactyloidae,Anolis alumina,reptile,1,1,Hertz 1976,,1.4,Slavenko et al. 2016,1
Dactyloidae,Anolis angusticeps,reptile,1,1,Powell and Henderson 2012,,3.1,Slavenko et al. 2016,15
Dactyloidae,Anolis armouri,reptile,1,1,Lenart et al. 1995,,8.4,Slavenko et al. 2016,1
Dactyloidae,Anolis bahorucoensis,reptile,1,1,Sifers et al. 2001,,2.8,Slavenko et al. 2016,3
Dactyloidae,Anolis baleatus,reptile,1,1,Schwartz et al. 1975,,114.9,Slavenko et al. 2016,2
Dactyloidae,Anolis barahonae,reptile,1,1,Goldberg et al. 1998,,100.5,Slavenko et al. 2016,1
Dactyloidae,Anolis barbatus,reptile,1,1,Valido and Olesen 2019,,97.1,Slavenko et al. 2016,2
Dactyloidae,Anolis barbouri,reptile,1,1,Howard et al. 1999,,3.5,Slavenko et al. 2016,5
Dactyloidae,Anolis bartschi,reptile,1,1,Valido and Olesen 2019,,10.6,Slavenko et al. 2016,4
Dactyloidae,Anolis bimaculatus,reptile,1,1,Valido and Olesen 2019,,39.3,Slavenko et al. 2016,3
Dactyloidae,Anolis brevirostris,reptile,1,1,Moster et al. 1995,,3.2,Slavenko et al. 2016,2
Dactyloidae,Anolis brunneus,reptile,1,1,Powell and Henderson 2012,,9.1,Slavenko et al. 2016,5
Dactyloidae,Anolis carolinensis,reptile,1,1,Valido and Olesen 2019,,8.7,Slavenko et al. 2016,1
Dactyloidae,Anolis chamaeleonides,reptile,1,1,Valido and Olesen 2019,,109.4,Slavenko et al. 2016,3
Dactyloidae,Anolis chlorocyanus,reptile,1,1,Ramos and Powell 2001,,10.6,Slavenko et al. 2016,4
Dactyloidae,Anolis christophei,reptile,1,1,Nicholson et al. 2012,,2.5,Slavenko et al. 2016,3
Dactyloidae,Anolis coelestinus,reptile,1,1,Valido and Olesen 2019,,12.2,Slavenko et al. 2016,4
Dactyloidae,Anolis conspersus,reptile,1,1,Valido and Olesen 2019,,9.1,Slavenko et al. 2016,1
Dactyloidae,Anolis cristatellus,reptile,1,1,Valido and Olesen 2019,,9.8,Slavenko et al. 2016,12
Dactyloidae,Anolis cuvieri,reptile,1,1,Valido and Olesen 2019,,114.8,Slavenko et al. 2016,1
Dactyloidae,Anolis cybotes,reptile,1,1,Valido and Olesen 2019,,11,Slavenko et al. 2016,2
Dactyloidae,Anolis distichus,reptile,1,1,Valido and Olesen 2019,,4.2,Slavenko et al. 2016,17
Dactyloidae,Anolis equestris,reptile,1,1,Valido and Olesen 2019,,134.6,Slavenko et al. 2016,8
Dactyloidae,Anolis etheridgei,reptile,1,1,Goldberg et al. 1998,,1.7,Slavenko et al. 2016,3
Dactyloidae,Anolis eugenegrahami,reptile,1,1,Goldberg et al. 1998,,7.8,Slavenko et al. 2016,1
Dactyloidae,Anolis evermanni,reptile,1,1,Valido and Olesen 2019,,9.8,Slavenko et al. 2016,1
Dactyloidae,Anolis extremus,reptile,1,1,Valido and Olesen 2019,,12.6,Slavenko et al. 2016,2
Dactyloidae,Anolis fairchildi,reptile,1,1,Powell and Henderson 2012,,9.1,Slavenko et al. 2016,0
Dactyloidae,Anolis ferreus,reptile,1,1,Bochaton et al. 2017,,35.7,Slavenko et al. 2016,1
Dactyloidae,Anolis forresti,reptile,1,1,Daltry 2007,,2.98,Slavenko et al. 2016,1
Dactyloidae,Anolis fowleri,reptile,1,1,Hedges and Thomas 1989,,9.5,Slavenko et al. 2016,1
Dactyloidae,Anolis garmani,reptile,1,1,Valido and Olesen 2019,,52.6,Slavenko et al. 2016,1
Dactyloidae,Anolis gingivinus,reptile,1,1,Valido and Olesen 2019,,7.8,Slavenko et al. 2016,3
Dactyloidae,Anolis grahami,reptile,1,1,Valido and Olesen 2019,,8.7,Slavenko et al. 2016,1
Dactyloidae,Anolis griseus,reptile,1,1,Valido and Olesen 2019,,50.4,Slavenko et al. 2016,1
Dactyloidae,Anolis guamuhaya,reptile,1,1,Valido and Olesen 2019,,84.3,Slavenko et al. 2016,2
Dactyloidae,Anolis gundlachi,reptile,1,1,Valido and Olesen 2019,,9.1,Slavenko et al. 2016,1
Dactyloidae,Anolis hendersoni,reptile,1,1,Goldberg et al. 1998,,2.5,Slavenko et al. 2016,1
Dactyloidae,Anolis homolechis,reptile,1,1,Valido and Olesen 2019,,7.1,Slavenko et al. 2016,8
Dactyloidae,Anolis insolitus,reptile,1,1,Hedges and Thomas 1989,,2.2,Slavenko et al. 2016,1
Dactyloidae,Anolis jubar,reptile,1,1,Valido and Olesen 2019,,5,Slavenko et al. 2016,12
Dactyloidae,Anolis koopmani,reptile,1,1,Powell and Henderson 2012,,1.6,Slavenko et al. 2016,1
Dactyloidae,Anolis krugi,reptile,1,1,Valido and Olesen 2019,,3.5,Slavenko et al. 2016,1
Dactyloidae,Anolis leachii,reptile,1,1,Valido and Olesen 2019,,37.5,Slavenko et al. 2016,3
Dactyloidae,Anolis lineatopus,reptile,1,1,Valido and Olesen 2019,,8.1,Slavenko et al. 2016,1
Dactyloidae,Anolis longitibialis,reptile,1,1,Powell and Henderson 2012,,7.8,Slavenko et al. 2016,2
Dactyloidae,Anolis lucius,reptile,1,1,Valido and Olesen 2019,,7.1,Slavenko et al. 2016,4
Dactyloidae,Anolis luteogularis,reptile,1,1,Valido and Olesen 2019,,136.8,Slavenko et al. 2016,6
Dactyloidae,Anolis marcanoi,reptile,1,1,Powell and Henderson 2012,,5.7,Slavenko et al. 2016,1
Dactyloidae,Anolis marmoratus,reptile,1,1,Powell and Henderson 2012,,12.6,Slavenko et al. 2016,2
Dactyloidae,Anolis monensis,reptile,1,1,Valido and Olesen 2019,,4.5,Slavenko et al. 2016,3
Dactyloidae,Anolis monticola,reptile,1,1,Powell and Henderson 2012,,3.7,Slavenko et al. 2016,1
Dactyloidae,Anolis nelsoni,reptile,1,1,Powell and Henderson 2012,,6.3,Slavenko et al. 2016,0
Dactyloidae,Anolis noblei,reptile,1,1,Valido and Olesen 2019,,134.6,Slavenko et al. 2016,4
Dactyloidae,Anolis nubilus,reptile,1,1,Gorman and Stamm 1975,,11,Slavenko et al. 2016,0
Dactyloidae,Anolis oculatus,reptile,1,1,Valido and Olesen 2019,,19.2,Slavenko et al. 2016,1
Dactyloidae,Anolis olssoni,reptile,1,1,Powell and Henderson 2012,,3.1,Slavenko et al. 2016,2
Dactyloidae,Anolis pigmaequestris,reptile,1,1,Valido and Olesen 2019,,54.8,Slavenko et al. 2016,2
Dactyloidae,Anolis placidus,reptile,1,1,Hedges and Thomas 1989,,2.1,Slavenko et al. 2016,1
Dactyloidae,Anolis pogus,reptile,1,1,Valido and Olesen 2019,,4.1,Slavenko et al. 2016,2
Dactyloidae,Anolis porcatus,reptile,1,1,Valido and Olesen 2019,,17.6,Slavenko et al. 2016,12
Dactyloidae,Anolis porcus,reptile,1,1,Valido and Olesen 2019,,100.5,Slavenko et al. 2016,4
Dactyloidae,Anolis pulchellus,reptile,1,1,Valido and Olesen 2019,,2.9,Slavenko et al. 2016,9
Dactyloidae,Anolis richardii,reptile,1,1,Valido and Olesen 2019,,54.9,Slavenko et al. 2016,3
Dactyloidae,Anolis ricordii,reptile,1,1,Powell and Henderson 2012,,134.6,Slavenko et al. 2016,2
Dactyloidae,Anolis rimarum,reptile,1,1,Powell and Henderson 2012,,1.9,Slavenko et al. 2016,1
Dactyloidae,Anolis roosevelti,reptile,1,1,Valido and Olesen 2019,,84.3,Feldman et al. 2015,4
Dactyloidae,Anolis rupinae,reptile,1,1,Powell and Henderson 2012,,3.9,Slavenko et al. 2016,1
Dactyloidae,Anolis sabanus,reptile,1,1,Valido and Olesen 2019,,15,Slavenko et al. 2016,2
Dactyloidae,Anolis sagrei,reptile,1,1,Valido and Olesen 2019,,8.7,Slavenko et al. 2016,37
Dactyloidae,Anolis schwartzi,reptile,1,1,Valido and Olesen 2019,,2.5,Slavenko et al. 2016,3
Dactyloidae,Anolis semilineatus,reptile,1,1,Powell and Henderson 2012,,2.2,Slavenko et al. 2016,3
Dactyloidae,Anolis sheplani,reptile,1,1,Powell and Henderson 2012,,1.5,Slavenko et al. 2016,3
Dactyloidae,Anolis shrevei,reptile,1,1,Powell and Henderson 2012,,4.5,Slavenko et al. 2016,1
Dactyloidae,Anolis singularis,reptile,1,1,Powell and Henderson 2012,,3,Slavenko et al. 2016,2
Dactyloidae,Anolis smallwoodi,reptile,1,1,Valido and Olesen 2019,,134.7,Slavenko et al. 2016,4
Dactyloidae,Anolis smaragdinus,reptile,1,1,Powell and Henderson 2012,,5.5,Slavenko et al. 2016,16
Dactyloidae,Anolis strahmi,reptile,1,1,Powell and Henderson 2012,,10.2,Slavenko et al. 2016,1
Dactyloidae,Anolis stratulus,reptile,1,1,Valido and Olesen 2019,,4.8,Slavenko et al. 2016,9
Dactyloidae,Anolis terraealtae,reptile,1,1,Powell and Henderson 2012,,10.6,Slavenko et al. 2016,0
Dactyloidae,Anolis valencienni,reptile,1,1,Valido and Olesen 2019,,13.1,Slavenko et al. 2016,1
Dactyloidae,Anolis vermiculatus,reptile,1,1,Valido and Olesen 2019,,49.3,Slavenko et al. 2016,4
Dactyloidae,Anolis wattsi,reptile,1,1,Valido and Olesen 2019,,4.1,Slavenko et al. 2016,3
Dactyloidae,Anolis whitemani,reptile,1,1,Powell and Henderson 2012,,6.3,Slavenko et al. 2016,1
Squamata,Aristelliger lar,reptile,1,1,Valido and Olesen 2019,,80.2,Slavenko et al. 2016,1
Squamata,Aristelliger praesignis,reptile,1,1,Powell and Henderson 2012,,21.3,Slavenko et al. 2016,4
Diploglossidae,Celestus agasepsoides,reptile,1,1,Powell and Henderson 2012,,2.3,Slavenko et al. 2016,1
Diploglossidae,Celestus anelpistus,reptile,1,1,Powell and Henderson 2012,,599.6,Slavenko et al. 2016,1
Diploglossidae,Celestus badius,reptile,1,1,Powell and Henderson 2012,,18,Feldman et al. 2015,0
Diploglossidae,Celestus barbouri,reptile,1,1,Powell and Henderson 2012,,19.2,Feldman et al. 2015,1
Diploglossidae,Celestus carraui,reptile,1,1,Powell et al. 2000,,584.8,Slavenko et al. 2016,0
Diploglossidae,Celestus costatus,reptile,1,1,Valido and Olesen 2019,,36,Slavenko et al. 2016,4
Diploglossidae,Celestus crusculus maculates,reptile,1,1,Bradley et al. 1986,,11.7,Slavenko et al. 2016,0
Diploglossidae,Celestus curtissi,reptile,1,1,Powell and Henderson 2012,,9.3,Slavenko et al. 2016,5
Diploglossidae,Celestus darlingtoni,reptile,1,1,Powell and Henderson 2012,,8.9,Slavenko et al. 2016,1
Diploglossidae,Celestus duquesneyi,reptile,1,1,Powell and Henderson 2012,,22.5,Slavenko et al. 2016,1
Diploglossidae,Celestus fowleri,reptile,1,1,Powell and Henderson 2012,,18.6,Slavenko et al. 2016,1
Diploglossidae,Celestus haetianus,reptile,1,1,Powell and Henderson 2012,,14.6,Slavenko et al. 2016,1
Diploglossidae,Celestus marcanoi,reptile,1,1,Powell and Henderson 2012,,6.6,Slavenko et al. 2016,1
Diploglossidae,Celestus occiduus,reptile,1,1,Valido and Olesen 2019,,897.3,Feldman et al. 2015,1
Diploglossidae,Celestus sepsoides,reptile,1,1,Powell and Henderson 2012,,6.6,Slavenko et al. 2016,3
Diploglossidae,Celestus stenurus,reptile,1,1,Powell and Henderson 2012,,103.5,Slavenko et al. 2016,3
Diploglossidae,Celestus warreni,reptile,1,1,Powell and Henderson 2012,,599.8,Slavenko et al. 2016,2
Teiidae,Cnemidophorus vanzoi,reptile,1,1,Valido and Olesen 2019,,72.1,Slavenko et al. 2016,1
Iguanidae,Ctenosaura similis,reptile,1,1,Valido and Olesen 2019,,4977.4,Slavenko et al. 2016,0
Iguanidae,Cyclura carinata,reptile,1,1,Valido and Olesen 2019,,5610.5,Slavenko et al. 2016,7
Iguanidae,Cyclura collei,reptile,1,1,Valido and Olesen 2019,,3334.3,Slavenko et al. 2016,1
Iguanidae,Cyclura cornuta,reptile,1,1,Valido and Olesen 2019,,11015.4,Slavenko et al. 2016,7
Iguanidae,Cyclura cychlura,reptile,1,1,Valido and Olesen 2019,,11803.2,Slavenko et al. 2016,13
Iguanidae,Cyclura nubila,reptile,1,1,Valido and Olesen 2019,,17660.4,Slavenko et al. 2016,18
Iguanidae,Cyclura nubila lewisi,reptile,1,1,Valido and Olesen 2019,,7014.6,Slavenko et al. 2016,1
Iguanidae,Cyclura pinguis,reptile,1,1,Valido and Olesen 2019,,7413.1,Slavenko et al. 2016,2
Iguanidae,Cyclura ricordi,reptile,1,1,Valido and Olesen 2019,,4830.6,Slavenko et al. 2016,1
Iguanidae,Cyclura rileyi,reptile,1,1,Valido and Olesen 2019,,2624.2,Slavenko et al. 2016,5
Diploglossidae,Diploglossus montisserrati,reptile,1,1,Powell and Henderson 2012,,121.1,Slavenko et al. 2016,1
Diploglossidae,Diploglossus pleii,reptile,1,1,Powell and Henderson 2012,,80.4,Slavenko et al. 2016,1
Iguanidae,Iguana delicatissima,reptile,1,1,Valido and Olesen 2019,,3475.4,Slavenko et al. 2016,14
Iguanidae,Iguana iguana,reptile,1,1,Valido and Olesen 2019,,8222.4,Slavenko et al. 2016,25
Leiocephalidae,Leiocephalus barahonensis,reptile,1,1,Valido and Olesen 2019,,16.1,Slavenko et al. 2016,2
Leiocephalidae,Leiocephalus carinatus,reptile,1,1,Valido and Olesen 2019,,71.9,Slavenko et al. 2016,33
Leiocephalidae,Leiocephalus endomychus,reptile,1,1,Powell and Henderson 2012,,8.5,Feldman et al. 2015,1
Leiocephalidae,Leiocephalus inaguae,reptile,1,1,Valido and Olesen 2019,,20.2,Slavenko et al. 2016,1
Leiocephalidae,Leiocephalus loxogrammus,reptile,1,1,Valido and Olesen 2019,,21.7,Slavenko et al. 2016,2
Leiocephalidae,Leiocephalus lunatus,reptile,1,1,Powell and Henderson 2012,,7.7,Slavenko et al. 2016,2
Leiocephalidae,Leiocephalus macropus,reptile,1,1,Valido and Olesen 2019,,24,Slavenko et al. 2016,6
Leiocephalidae,Leiocephalus melanochlorus,reptile,1,1,Powell and Henderson 2012,,66.5,Slavenko et al. 2016,2
Leiocephalidae,Leiocephalus onaneyi,reptile,1,1,Valido and Olesen 2019,,10.2,Slavenko et al. 2016,4
Leiocephalidae,Leiocephalus personatus,reptile,1,1,Powell and Henderson 2012,,36.4,Slavenko et al. 2016,1
Leiocephalidae,Leiocephalus pratensis,reptile,1,1,Powell and Henderson 2012,,6.7,Slavenko et al. 2016,1
Leiocephalidae,Leiocephalus psammodromus,reptile,1,1,Valido and Olesen 2019,,38.6,Slavenko et al. 2016,7
Leiocephalidae,Leiocephalus punctatus,reptile,1,1,Valido and Olesen 2019,,13.8,Slavenko et al. 2016,4
Leiocephalidae,Leiocephalus raviceps,reptile,1,1,Valido and Olesen 2019,,10.7,Slavenko et al. 2016,4
Leiocephalidae,Leiocephalus rhutidira,reptile,1,1,Powell and Henderson 2012,,7.4,Slavenko et al. 2016,1
Leiocephalidae,Leiocephalus schreibersii,reptile,1,1,Valido and Olesen 2019,,35.3,Slavenko et al. 2016,2
Leiocephalidae,Leiocephalus semilineatus,reptile,1,1,Valido and Olesen 2019,,3.6,Slavenko et al. 2016,1
Leiocephalidae,Leiocephalus stictigaster,reptile,1,1,Valido and Olesen 2019,,28.4,Slavenko et al. 2016,9
Teiidae,Pholidoscelis atratus,reptile,1,1,Valido and Olesen 2019,,13.2,Meiri 2019,0
Teiidae,Pholidoscelis auberi,reptile,1,1,Valido and Olesen 2019,,13.2,Meiri 2019,35
Teiidae,Pholidoscelis chrysolaemus,reptile,1,1,Valido and Olesen 2019,,13.2,Meiri 2019,4
Teiidae,Pholidoscelis corax,reptile,1,1,Valido and Olesen 2019,,13.2,Meiri 2019,0
Teiidae,Pholidoscelis erythrocephalus,reptile,1,1,Valido and Olesen 2019,,13.2,Meiri 2019,3
Teiidae,Pholidoscelis exsul,reptile,1,1,Valido and Olesen 2019,,24.3,Meiri 2019,9
Teiidae,Pholidoscelis fuscatus,reptile,1,1,Valido and Olesen 2019,,49.1,Meiri 2019,1
Teiidae,Pholidoscelis griswoldi,reptile,1,1,Valido and Olesen 2019,,13.2,Meiri 2019,2
Teiidae,Pholidoscelis plei,reptile,1,1,Valido and Olesen 2019,,18.8,Meiri 2019,3
Teiidae,Pholidoscelis pluvianotatus,reptile,1,1,Valido and Olesen 2019,,18.8,Meiri 2019,1
